Brand, Product Name, Shipping
Motorola,Moto G5s Plus (Special Edition) Unlocked Smartphone Dual Camera (5.5" Lunar Gray| 32GB Storage 3GB RAM) US Warranty,Free Shipping
Motorola,Motorola Moto G6 4G LTE Unlocked Cell Phone US Version (5.7" Black| 32GB 3GB RAM),Free Shipping
Motorola,Motorola Nexus 6 XT1100 64GB Unlocked GSM 4G LTE Phone w/ 13MP Camera - Midnight Blue,Free Shipping
Honor,Honor View 10 4G LTE Unlocked Cell Phone (5.99" Blue |128GB 6GB RAM),Free Shipping
Honor,Honor 7X Unlocked Smartphone with Dual Camera (5.93" Black| 32GB Storage 3GB RAM) US Warranty,Free Shipping
SAMSUNG,Samsung Galaxy S9 G9600 64GB Single SIM Unlocked GSM 4G LTE Phone w/ 12 MP Camera - Midnight Black (International Version),Free Shipping
Honor,Honor 7X Unlocked Smartphone with Dual Camera (5.93" Blue| 32GB Storage 3GB RAM) US Warranty,Free Shipping
Honor,Honor 7X Unlocked Smartphone with Dual Camera (5.93" Red| 32GB Storage 3GB RAM) US Warranty,Free Shipping
SAMSUNG,Samsung Galaxy S9 G9600 64GB Single SIM Unlocked GSM 4G LTE Phone w/ 12 MP Camera - Titanium Gray (International Version),Free Shipping
Huawei,Huawei Mate 10 Pro Unlocked Smartphone with Dual Camera (6" Midnight Blue| 128GB Storage 6GB RAM) US Warranty,Free Shipping
Huawei,Huawei Mate 10 Pro Unlocked Smartphone with Dual Camera (6" Titanium Gray| 128GB Storage 6GB RAM) US Warranty,Free Shipping
SAMSUNG,Samsung Galaxy S8+ (Plus) G955FD Dual SIM GSM Unlocked Smart Phone| 6.2" AMOLED Display| Midnight Black Color| 64GB Storage International Version - No Warranty,Free Shipping
Sony Mobile,Sony Xperia XA 5" Unlocked Smartphone - 16GB - US Warranty (Graphite Black),Free Shipping
Apple,Refurbished: Apple iPhone 5 32GB 4G LTE White - Verizon Factory Unlocked,Free Shipping
Huawei,Huawei Mate SE 4G LTE Unlocked Cell Phone (5.93" Gold | 64GB Storage 4GB RAM ),
Apple,Refurbished: Apple iPhone SE 64GB IOS Unlocked GSM Phone - Rose Gold,Free Shipping
Nubia,Nubia N1 Lite 4G LTE Dual SIM Unlocked Smartphone 5.5" 2GB RAM Black/Gold| US Warranty,Free Shipping
Motorola,Moto X4 (4th Gen)| 5.2 Inches| FHD LTPS| 3GB RAM| 32GB Storage| Dual Rear Camera| Unlocked Cell Phone| US Warranty| Super Black (PA8S0006US),Free Shipping
Nokia,Nokia 6 TA-1025 Unlocked Smartphone with Dual Camera (5.5" Silver| 32GB Storage 3GB RAM) US Warranty,Free Shipping
Nokia,Nokia 6 TA-1025 Unlocked Smartphone with Dual Camera (5.5" Black| 32GB Storage 3GB RAM) US Warranty,Free Shipping
MI,Xiaomi Redmi 6A 16GB Unlocked GSM Dual-SIM Phone w/ 13MP Camera - Blue,Free Shipping
Apple,Apple iPhone 8 Plus 4G LTE Unlocked Cell Phone 5.5" Silver 256GB 3GB RAM,Free Shipping
LG Mobile,LG G6 PLUS H870DSU Unlocked GSM Smartphone International Version (5.7" Black| 128GB Storage 4GB RAM) No Warranty,Free Shipping
LG Mobile,LG Nexus 4 E960 16GB Unlocked GSM Phone w/ 8MP Camera - Black,Free Shipping
ASUS,Asus Zenfone 5Z ZS620KL 4G LTE Unlocked Cell Phone 6.2" Blue 64GB 6GB RAM,Free Shipping
ASUS,Asus Zenfone 5Q ZC600KL 4G LTE Unlocked Cell Phone 6" Black 64GB 4GB RAM,Free Shipping
Sony Mobile,Sony Xperia XA1 Ultra G3223 4G LTE Unlocked Smartphone - US Warranty 6" Black 32GB 4GB RAM,Free Shipping
ASUS,Refurbished: Asus ZenFone 3 MAX ZC520TL 4G LTE Unlocked Cell Phone 5.2" Gray 16GB 2GB RAM,Free Shipping
LG Mobile,Refurbished: LG Nexus 5X H790 32GB 4G LTE Unlocked Cell Phone| 5.2" 2GB RAM Carbon Black| Hexa-core| No Accessory| Grade B,Free Shipping
Acer America,Acer Liquid Z630 Unlocked Smartphone with Dual Camera (5.5" Black| 16GB Storage 2GB RAM) US Warranty,Free Shipping
HTC,HTC 10 Evo 32GB Unlocked GSM 4G LTE Octa-Core Rugged Phone w/ 16 MP Camera - Glacial Silver,Free Shipping
Sony Mobile,Refurbished: Sony Xperia XA1 G3123 32GB Unlocked GSM LTE Octa-Core Phone w/ 23MP Camera - Black,Free Shipping
Motorola,Moto G5 Plus XT1687 32GB Smartphone (Unlocked| Fine Gold) - US Warranty,Free Shipping
Motorola,Motorola Moto G6 Play 4G LTE Unlocked Cell Phone US Version (5.7" Deep Indigo|  32GB 3GB RAM),Free Shipping
Honor,Honor View 10 4G LTE Unlocked Cell Phone (5.99" Black |128GB 6GB RAM),Free Shipping
Motorola,Moto Z 64GB Lunar Gray Unlocked Smartphone – US Warranty,Free Shipping
